{"cameraMode":{"drawMode":0,"name":"Shaded","section":"Shading Mode"},"sceneLighting":true,"audioPlay":false,"sceneViewState":{"m_AlwaysRefresh":false,"showFog":true,"showSkybox":true,"showFlares":true,"showImageEffects":true,"showParticleSystems":true,"showVisualEffectGraphs":true,"m_FxEnabled":true},"in2DMode":false,"pivot":{"x":3.5140693187713625,"y":-0.18207037448883058,"z":1.419069528579712},"rotation":{"x":0.03788973391056061,"y":0.9619380235671997,"z":-0.20281967520713807,"w":0.17949515581130982},"size":2.726451873779297,"orthographic":false}