{"cameraMode":{"drawMode":0,"name":"Shaded","section":"Shading Mode"},"sceneLighting":true,"audioPlay":false,"sceneViewState":{"m_AlwaysRefresh":false,"showFog":true,"showSkybox":true,"showFlares":true,"showImageEffects":true,"showParticleSystems":true,"showVisualEffectGraphs":true,"m_FxEnabled":true},"in2DMode":false,"pivot":{"x":-0.2908605933189392,"y":1.328789234161377,"z":0.5900229215621948},"rotation":{"x":-0.13365831971168519,"y":0.8470256328582764,"z":-0.25258785486221316,"w":-0.44820818305015566},"size":0.8660253882408142,"orthographic":false}